Top queries,Clicks,Impressions,CTR,Position
garima lohia ethics answer copy,3,46,6.52%,4.8
uma harathi answer copy,3,29,10.34%,4.79
garima lohia answer copy,2,45,4.44%,4.58
garima lohia ethics copy,2,32,6.25%,8.5
abhishek vashishtha upsc,2,23,8.7%,7.17
garima lohia marksheet,1,134,0.75%,5.55
ayan jain upsc marksheet,1,72,1.39%,6.97
divya tanwar optional subject,1,53,1.89%,3.49
divya tanwar marksheet,1,46,2.17%,2.65
garima lohia essay copy,1,37,2.7%,7.11
ayan jain answer copy,1,29,3.45%,9.55
ayan jain ethics copy,1,10,10%,5.8
ayan jain upsc answer copy,1,10,10%,9.3
divya tanwar hindi literature copy,1,9,11.11%,4.56
hindi literature optional test series,1,8,12.5%,7
garima lohia,1,8,12.5%,28.62
hindi literature test series,1,5,20%,7.2
manika gupta upsc,1,1,100%,9
komal meena ips,0,27,0%,7.93
divya tanwar upsc marksheet,0,24,0%,5.38
ayan jain marksheet,0,19,0%,6.21
uma harathi upsc marksheet,0,15,0%,7.2
garima lohia upsc marksheet,0,12,0%,8.67
divya tanwar marksheet upsc 2023,0,10,0%,5
arjun gupta upsc,0,9,0%,7.44
divya tanwar prelims marks,0,8,0%,9.5
upsc syllabus,0,8,0%,37
uma harathi optional subject,0,7,0%,3.43
uma harathi marksheet upsc,0,7,0%,6.86
akansh dhull gs 2 copy,0,7,0%,8.57
yes,0,6,0%,2.33
uma harathi marksheet,0,6,0%,6
piyush jain marksheet,0,6,0%,13.17
ayan jain upsc,0,6,0%,15.33
divya tanwar boyfriend,0,5,0%,1
divya tanwar essay copy,0,5,0%,6.4
ips komal meena,0,5,0%,6.6
uma harathi,0,5,0%,19.2
abhishek vashishtha upsc marksheet,0,4,0%,4.75
divya tanwar upsc marksheet 2022,0,4,0%,5.25
uma harathi ias marksheet,0,4,0%,6.5
piyush kumar upsc,0,4,0%,7.25
uma harathi anthropology notes,0,4,0%,7.75
uma harathi notes pdf,0,4,0%,8.25
shaik habeebulla,0,4,0%,10.25
divya tanwar answer copy,0,4,0%,16.75
garima lohia upsc,0,4,0%,33.25
ha,0,3,0%,2.33
divya tanwar graduation subject,0,3,0%,8
eppalapally susmitha ias,0,3,0%,10
garima lohia optional subject,0,3,0%,13.67
hindi literature optional test series 2026,0,3,0%,18.67
ayan jain,0,3,0%,24.67
uma harathi ias,0,3,0%,26.67
divya tanwar 10th percentage,0,2,0%,1.5
divya tanwar,0,2,0%,3
divya tanwar ias marksheet,0,2,0%,6
ias divya tanwar marksheet,0,2,0%,6
manika gupta,0,2,0%,6
komal meena ias,0,2,0%,7
ayan jain notes,0,2,0%,9
divya tanwar marksheet 2021,0,2,0%,9
uma harathi upsc,0,2,0%,31.5
divya tanwar posting,0,1,0%,1
geography,0,1,0%,1
in interview?,0,1,0%,1
optional marks,0,1,0%,1
divya tavar,0,1,0%,2
haa,0,1,0%,2
hn batao,0,1,0%,2
padhai,0,1,0%,2
sabhi pr,0,1,0%,2
score,0,1,0%,2
marksheet,0,1,0%,3
divya tanwar upsc optional subject,0,1,0%,4
divya upsc marksheet 2022,0,1,0%,4
divya tanwar prelims marksheet,0,1,0%,7
divya tanwar upsc rank 2022,0,1,0%,7
how did she prepare,0,1,0%,7
ayan jain topper copy,0,1,0%,8
divya tanwar marksheet 2022,0,1,0%,9
air 2 upsc 2022,0,1,0%,10
ayan jain marksheet 2022,0,1,0%,10
fatima marksheet,0,1,0%,10
eppalapally susmitha,0,1,0%,11
garima lohia prelims marksheet,0,1,0%,11
upsc air 2 2022,0,1,0%,11
piyush jain upsc marksheet,0,1,0%,16
akansh dhull marksheet,0,1,0%,17
garima lohiya,0,1,0%,22
shakti dubey answer copy gs 2,0,1,0%,23
akansh dhull copies,0,1,0%,28
upsc paper 2 syllabus,0,1,0%,38
garima lohia age when she cleared upsc,0,1,0%,42
garima lohia age,0,1,0%,46
animesh pradhan sociology notes,0,1,0%,48
piyush kumar history optional,0,1,0%,48
uppsc test series,0,1,0%,55